<?xml version="1.0"?>
<!--Created by Liquid XML 2008 (www.liquid-technologies.com) for ALTERA CORPORATION-->
<ProgramExecution xmlns:xs="http://www.w3.org/2001/XMLSchema-instance">
	<QuartusExecution>
		<AddressBits>32</AddressBits>
		<ApplicationError>
		<CommandLine/>		<ErrorMessage></ErrorMessage>
		<Line>0</Line>
		<SourceFile>unknown</SourceFile>
		<StackTrace>
	  0xf9557b8: resr_rpw + 0x157b8 (resr_rpw_dll_get_template_classes + 0xb658)
	 0x1000c8bc: GCL_AFC + 0xc8bc (?OnWndMsg@AFC_VIEW@@EAEHIIJPAJ@Z + 0x3c)
	 0x7242ba48: mfc90 + 0x5ba48
	 0x7242a63c: mfc90 + 0x5a63c
	 0x7242a8c8: mfc90 + 0x5a8c8
	 0x724285b2: mfc90 + 0x585b2
	 0x77313802: USER32 + 0x33802 (Ordinal2713 + 0x6b2)
	 0x77304605: USER32 + 0x24605 (CallWindowProcW + 0x715)
	 0x77304089: USER32 + 0x24089 (CallWindowProcW + 0x199)
	 0x7730dfee: USER32 + 0x2dfee (GetPropW + 0xfe)
	 0x77e291bc: ntdll + 0x791bc (KiUserCallbackDispatcher + 0x4c)
	 0x7242be76: mfc90 + 0x5be76
	 0x10009185: GCL_AFC + 0x9185 (?OnWndMsg@AFC_CHILD_FRAME@@UAEHIIJPAJ@Z + 0x75)
	 0x7242ba48: mfc90 + 0x5ba48
	 0x7242a63c: mfc90 + 0x5a63c
	 0x7242a8c8: mfc90 + 0x5a8c8
	 0x724285b2: mfc90 + 0x585b2
	 0x77313802: USER32 + 0x33802 (Ordinal2713 + 0x6b2)
	 0x77304605: USER32 + 0x24605 (CallWindowProcW + 0x715)
	 0x77304089: USER32 + 0x24089 (CallWindowProcW + 0x199)
	 0x7730dfee: USER32 + 0x2dfee (GetPropW + 0xfe)
	 0x77e291bc: ntdll + 0x791bc (KiUserCallbackDispatcher + 0x4c)
	 0x773568c8: USER32 + 0x768c8 (Ordinal2001 + 0x25f8)
	 0x77313802: USER32 + 0x33802 (Ordinal2713 + 0x6b2)
	 0x77304605: USER32 + 0x24605 (CallWindowProcW + 0x715)
	 0x7732ecb5: USER32 + 0x4ecb5 (SetMenu + 0x145)
	 0x7732f79a: USER32 + 0x4f79a (CallWindowProcA + 0x1a)
	 0x7242b147: mfc90 + 0x5b147
	 0x7242a70b: mfc90 + 0x5a70b
	 0x7242ba48: mfc90 + 0x5ba48
	 0x7242a63c: mfc90 + 0x5a63c
	 0x7242a8c8: mfc90 + 0x5a8c8
	 0x724285b2: mfc90 + 0x585b2
	 0x77313802: USER32 + 0x33802 (Ordinal2713 + 0x6b2)
	 0x77304605: USER32 + 0x24605 (CallWindowProcW + 0x715)
	 0x77304089: USER32 + 0x24089 (CallWindowProcW + 0x199)
	 0x7730dfee: USER32 + 0x2dfee (GetPropW + 0xfe)
	 0x77e291bc: ntdll + 0x791bc (KiUserCallbackDispatcher + 0x4c)
	 0x7735828a: USER32 + 0x7828a (DefFrameProcA + 0x1a)
	 0x72434bc4: mfc90 + 0x64bc4
	 0x4c0d1a36: AOT803AS + 0xd1a36 (SECMDIFrameWnd::DefWindowProcA + 0x76)
	 0x7242a70b: mfc90 + 0x5a70b
	   0x4162b0: quartus + 0x162b0 (pjm_pjm_unregister_tcl + 0x5b30)
	 0x4c0d1c3a: AOT803AS + 0xd1c3a (SECMDIFrameWnd::WindowProc + 0x8a)
	 0x7242a63c: mfc90 + 0x5a63c
	 0x7242a8c8: mfc90 + 0x5a8c8
	 0x724285b2: mfc90 + 0x585b2
	 0x77313802: USER32 + 0x33802 (Ordinal2713 + 0x6b2)
	 0x77304605: USER32 + 0x24605 (CallWindowProcW + 0x715)
	 0x7732ecb5: USER32 + 0x4ecb5 (SetMenu + 0x145)
	 0x7732f79a: USER32 + 0x4f79a (CallWindowProcA + 0x1a)
	   0x40ace3: quartus + 0xace3
	   0x4135c0: quartus + 0x135c0 (pjm_pjm_unregister_tcl + 0x2e40)
	   0x416c40: quartus + 0x16c40 (pjm_pjm_unregister_tcl + 0x64c0)
	 0x77313802: USER32 + 0x33802 (Ordinal2713 + 0x6b2)
	 0x77304605: USER32 + 0x24605 (CallWindowProcW + 0x715)
	 0x77304089: USER32 + 0x24089 (CallWindowProcW + 0x199)
	 0x7730dfee: USER32 + 0x2dfee (GetPropW + 0xfe)
	 0x77e291bc: ntdll + 0x791bc (KiUserCallbackDispatcher + 0x4c)
	 0x77377286: USER32 + 0x97286 (Ordinal2523 + 0x7b6)
	 0x77377ead: USER32 + 0x97ead (CreateWindowExA + 0xcd)
	 0x77307aa8: USER32 + 0x27aa8 (IsWindow + 0x168)
	 0x77356390: USER32 + 0x76390 (Ordinal2001 + 0x20c0)
	 0x7735828a: USER32 + 0x7828a (DefFrameProcA + 0x1a)
	 0x72434bc4: mfc90 + 0x64bc4
	 0x4c0d1a36: AOT803AS + 0xd1a36 (SECMDIFrameWnd::DefWindowProcA + 0x76)
	 0x7242a70b: mfc90 + 0x5a70b
	 0x4c0d437a: AOT803AS + 0xd437a (SECMDIFrameWnd::OnActivate + 0xa)
	 0x10022d36: GCL_AFC + 0x22d36 (?OnActivate@AFC_MDI_FRAME@@QAEXIPAVCWnd@@H@Z + 0x96)
	 0x7242beb2: mfc90 + 0x5beb2
	 0x773011ab: USER32 + 0x211ab (MapWindowPoints + 0x147b)
	 0x773012df: USER32 + 0x212df (MapWindowPoints + 0x15af)
	 0x4c0d1a36: AOT803AS + 0xd1a36 (SECMDIFrameWnd::DefWindowProcA + 0x76)
	   0x4162b0: quartus + 0x162b0 (pjm_pjm_unregister_tcl + 0x5b30)
	 0x77c71d6b: win32u + 0x1d6b (NtUserSetActiveWindow + 0xb)
	 0x7733a800: USER32 + 0x5a800 (EndDialog + 0x140)
	 0x72447b30: mfc90 + 0x77b30
	 0x72447cdd: mfc90 + 0x77cdd
	 0x72459874: mfc90 + 0x89874
	 0x7244a003: mfc90 + 0x7a003
	 0x7242c2d2: mfc90 + 0x5c2d2
	 0x7242bad5: mfc90 + 0x5bad5
	 0x1000c8bc: GCL_AFC + 0xc8bc (?OnWndMsg@AFC_VIEW@@EAEHIIJPAJ@Z + 0x3c)
	 0x7242ba48: mfc90 + 0x5ba48
	 0x7242a63c: mfc90 + 0x5a63c
	 0x7242a8c8: mfc90 + 0x5a8c8
	 0x724285b2: mfc90 + 0x585b2
	 0x77313802: USER32 + 0x33802 (Ordinal2713 + 0x6b2)
	 0x77304605: USER32 + 0x24605 (CallWindowProcW + 0x715)
	 0x77303a21: USER32 + 0x23a21 (MsgWaitForMultipleObjectsEx + 0x8d1)
	 0x77319f77: USER32 + 0x39f77 (SetWindowsHookExAW + 0x197)
	 0x773030e5: USER32 + 0x230e5 (SendMessageW + 0x45)
	 0x7732bc7d: USER32 + 0x4bc7d (LoadCursorFromFileW + 0x1efd)
	 0x7732b957: USER32 + 0x4b957 (LoadCursorFromFileW + 0x1bd7)
	 0x7732ae11: USER32 + 0x4ae11 (LoadCursorFromFileW + 0x1091)
	 0x7732a281: USER32 + 0x4a281 (LoadCursorFromFileW + 0x501)
	 0x77313802: USER32 + 0x33802 (Ordinal2713 + 0x6b2)
	 0x77304605: USER32 + 0x24605 (CallWindowProcW + 0x715)
	 0x7732ecb5: USER32 + 0x4ecb5 (SetMenu + 0x145)
	 0x7732f79a: USER32 + 0x4f79a (CallWindowProcA + 0x1a)
		</StackTrace>
		<Subsystem>unknown</Subsystem>
	</ApplicationError>
	<Compilation>
			<CompileID>0</CompileID>
			<DeviceFamily/>
			<IncrementalCompilation/>
			<TopLevelEntityName/>
		</Compilation>
		<DateInvoked>2024/10/24 19:36:12</DateInvoked>
		<ElapsedTime>89541</ElapsedTime>
		<IP>192.168.56.1,192.168.10.191</IP>
		<IsInternal>false</IsInternal>
		<IsQt>false</IsQt>
		<License>
			<Edition>Web Edition</Edition>
			<LicenseHostID/>
		</License>
		<Machine>
			<CPUCountLogical>12</CPUCountLogical>
			<CPUCountPhysical>1</CPUCountPhysical>
			<CPUSpeed>2096</CPUSpeed>
			<Hostname>byaketava</Hostname>
			<NIC>
				<Address>0a0027000029</Address>
			</NIC>
			<NIC>
				<Address>f077c3e7ac02</Address>
			</NIC>
			<NIC>
				<Address>f077c3e7ac03</Address>
			</NIC>
			<NIC>
				<Address>f277c3e7ac02</Address>
			</NIC>
			<OS>Windows Vista</OS>
			<OSAddressBits>64</OSAddressBits>
			<OSVersion>6.2</OSVersion>
			<Platform>windows</Platform>
			<ScreenResolution>unknown</ScreenResolution>
			<TotalPhysicalRAM>4095</TotalPhysicalRAM>
			<TotalVirtualRAM>0</TotalVirtualRAM>
		</Machine>
		<Name>quartus</Name>
		<PeakMemoryUsed>0</PeakMemoryUsed>
		<ProjectRevision>
			<ProjectName/>
			<Revision/>
		</ProjectRevision>
		<QuartusInstallation>
			<InstallationID>264397178514434.17256293593254</InstallationID>
			<Version>
				<Build>222</Build>
				<BuildSite>SJ</BuildSite>
				<BuildSuffix/>
				<Edition>Web Edition</Edition>
				<ServicePack>0</ServicePack>
				<VersionNumber>9.1</VersionNumber>
			</Version>
		</QuartusInstallation>
		<QuartusUser>
			<AlteraUserName/>
			<FAEContactName/>
			<TalkbackStatus>
				<DateSet/>
				<TalkbackOn>true</TalkbackOn>
			</TalkbackStatus>
			<UserID>264397178514434.167842803117312</UserID>
			<UserName>Maria</UserName>
		</QuartusUser>
	</QuartusExecution>
	<SchemaVersion>schema_2009-08-20</SchemaVersion>
</ProgramExecution>

