<?xml version="1.0" ?>
<LOG_ROOT>
	<PROJECT NAME="lab1">
		<CBX_INST_ENTRY INSTANCE_NAME="|lab1|arbitrator:inst2|lpm_counter0:inst|lpm_counter:lpm_counter_component" CBX_FILE_NAME="cntr_sej.tdf"/>
		<CBX_INST_ENTRY INSTANCE_NAME="|lab1|arbitrator:inst2|lpm_mux0:inst2|lpm_mux:lpm_mux_component" CBX_FILE_NAME="mux_cpc.tdf"/>
		<CBX_INST_ENTRY INSTANCE_NAME="|lab1|lpm_constant15:inst13|lpm_constant:lpm_constant_component" CBX_FILE_NAME="lpm_constant_ch6.tdf"/>
		<CBX_INST_ENTRY INSTANCE_NAME="|lab1|lpm_constant1:inst11|lpm_constant:lpm_constant_component" CBX_FILE_NAME="lpm_constant_6e6.tdf"/>
		<CBX_INST_ENTRY INSTANCE_NAME="|lab1|lpm_constant4:inst16|lpm_constant:lpm_constant_component" CBX_FILE_NAME="lpm_constant_7e6.tdf"/>
		<CBX_INST_ENTRY INSTANCE_NAME="|lab1|lpm_constant8:inst21|lpm_constant:lpm_constant_component" CBX_FILE_NAME="lpm_constant_9e6.tdf"/>
		<CBX_INST_ENTRY INSTANCE_NAME="|lab1|arbitrator:inst2|lpm_compare0:inst58|lpm_compare:lpm_compare_component" CBX_FILE_NAME="cmpr_37h.tdf"/>
		<CBX_INST_ENTRY INSTANCE_NAME="|lab1|arbitrator:inst2|lpm_compare0:inst5|lpm_compare:lpm_compare_component" CBX_FILE_NAME="cmpr_37h.tdf"/>
		<CBX_INST_ENTRY INSTANCE_NAME="|lab1|arbitrator:inst2|lpm_constant0:inst4|lpm_constant:lpm_constant_component" CBX_FILE_NAME="lpm_constant_fk6.tdf"/>
		<CBX_INST_ENTRY INSTANCE_NAME="|lab1|arbitrator:inst2|lpm_constant10:inst3|lpm_constant:lpm_constant_component" CBX_FILE_NAME="lpm_constant_jk6.tdf"/>
		<CBX_INST_ENTRY INSTANCE_NAME="|lab1|slave:inst6|lpm_counter3:inst2|lpm_counter:lpm_counter_component" CBX_FILE_NAME="cntr_usj.tdf"/>
		<CBX_INST_ENTRY INSTANCE_NAME="|lab1|arbitrator:inst2|lpm_compare0:inst59|lpm_compare:lpm_compare_component" CBX_FILE_NAME="cmpr_37h.tdf"/>
		<CBX_INST_ENTRY INSTANCE_NAME="|lab1|arbitrator:inst2|lpm_compare0:inst60|lpm_compare:lpm_compare_component" CBX_FILE_NAME="cmpr_37h.tdf"/>
		<CBX_INST_ENTRY INSTANCE_NAME="|lab1|arbitrator:inst2|lpm_constant11:inst7|lpm_constant:lpm_constant_component" CBX_FILE_NAME="lpm_constant_dk6.tdf"/>
		<CBX_INST_ENTRY INSTANCE_NAME="|lab1|arbitrator:inst2|lpm_constant6:inst43|lpm_constant:lpm_constant_component" CBX_FILE_NAME="lpm_constant_5j6.tdf"/>
		<CBX_INST_ENTRY INSTANCE_NAME="|lab1|lpm_constant3:inst15|lpm_constant:lpm_constant_component" CBX_FILE_NAME="lpm_constant_tf6.tdf"/>
		<CBX_INST_ENTRY INSTANCE_NAME="|lab1|lpm_constant5:inst17|lpm_constant:lpm_constant_component" CBX_FILE_NAME="lpm_constant_8e6.tdf"/>
		<CBX_INST_ENTRY INSTANCE_NAME="|lab1|lpm_constant7:inst19|lpm_constant:lpm_constant_component" CBX_FILE_NAME="lpm_constant_fh6.tdf"/>
		<CBX_INST_ENTRY INSTANCE_NAME="|lab1|slave:inst7|lpm_counter3:inst2|lpm_counter:lpm_counter_component" CBX_FILE_NAME="cntr_usj.tdf"/>
		<CBX_INST_ENTRY INSTANCE_NAME="|lab1|slave:inst8|lpm_counter3:inst2|lpm_counter:lpm_counter_component" CBX_FILE_NAME="cntr_usj.tdf"/>
		<CBX_INST_ENTRY INSTANCE_NAME="|lab1|lpm_constant2:inst14|lpm_constant:lpm_constant_component" CBX_FILE_NAME="lpm_constant_2g6.tdf"/>
		<CBX_INST_ENTRY INSTANCE_NAME="|lab1|lpm_decode0:inst10|lpm_decode:lpm_decode_component" CBX_FILE_NAME="decode_5sf.tdf"/>
		<CBX_INST_ENTRY INSTANCE_NAME="|lab1|slave:inst1|lpm_counter3:inst2|lpm_counter:lpm_counter_component" CBX_FILE_NAME="cntr_usj.tdf"/>
		<CBX_INST_ENTRY INSTANCE_NAME="|lab1|slave:inst9|lpm_counter3:inst2|lpm_counter:lpm_counter_component" CBX_FILE_NAME="cntr_usj.tdf"/>
		<CBX_INST_ENTRY INSTANCE_NAME="|lab1|arbitrator:inst2|lpm_compare0:inst10|lpm_compare:lpm_compare_component" CBX_FILE_NAME="cmpr_37h.tdf"/>
		<CBX_INST_ENTRY INSTANCE_NAME="|lab1|arbitrator:inst2|lpm_compare0:inst9|lpm_compare:lpm_compare_component" CBX_FILE_NAME="cmpr_37h.tdf"/>
		<CBX_INST_ENTRY INSTANCE_NAME="|lab1|arbitrator:inst2|lpm_compare1:inst44|lpm_compare:lpm_compare_component" CBX_FILE_NAME="cmpr_m8j.tdf"/>
		<CBX_INST_ENTRY INSTANCE_NAME="|lab1|arbitrator:inst2|lpm_counter5:inst1|lpm_counter:lpm_counter_component" CBX_FILE_NAME="cntr_olh.tdf"/>
	</PROJECT>
</LOG_ROOT>
