<?xml version="1.0" ?>
<LOG_ROOT>
	<PROJECT NAME="SixthLab">
		<CBX_INST_ENTRY INSTANCE_NAME="|MainBlock|Cashe:inst|LPM_CONSTANT:inst150" CBX_FILE_NAME="lpm_constant_574.tdf"/>
		<CBX_INST_ENTRY INSTANCE_NAME="|MainBlock|Cashe:inst|String:inst3|lpm_mux8:inst22|lpm_mux:lpm_mux_component" CBX_FILE_NAME="mux_3oc.tdf"/>
		<CBX_INST_ENTRY INSTANCE_NAME="|MainBlock|Cashe:inst|lpm_compare2:inst269|lpm_compare:lpm_compare_component" CBX_FILE_NAME="cmpr_rlg.tdf"/>
		<CBX_INST_ENTRY INSTANCE_NAME="|MainBlock|Cashe:inst|lpm_compare2:inst287|lpm_compare:lpm_compare_component" CBX_FILE_NAME="cmpr_rlg.tdf"/>
		<CBX_INST_ENTRY INSTANCE_NAME="|MainBlock|Cashe:inst|LPM_CONSTANT:inst151" CBX_FILE_NAME="lpm_constant_674.tdf"/>
		<CBX_INST_ENTRY INSTANCE_NAME="|MainBlock|lpm_ram_dq0:inst1|altsyncram:altsyncram_component" CBX_FILE_NAME="altsyncram_1ub1.tdf"/>
		<CBX_INST_ENTRY INSTANCE_NAME="|MainBlock|Cashe:inst|String:inst6|lpm_mux8:inst22|lpm_mux:lpm_mux_component" CBX_FILE_NAME="mux_3oc.tdf"/>
		<CBX_INST_ENTRY INSTANCE_NAME="|MainBlock|Cashe:inst|lpm_counter3:inst62|lpm_counter:lpm_counter_component" CBX_FILE_NAME="cntr_hoi.tdf"/>
		<CBX_INST_ENTRY INSTANCE_NAME="|MainBlock|Cashe:inst|lpm_dff23:inst11|lpm_ff:lpm_ff_component|LPM_CONSTANT:ac" CBX_FILE_NAME="lpm_constant_k84.tdf"/>
		<CBX_INST_ENTRY INSTANCE_NAME="|MainBlock|Cashe:inst|LPM_CONSTANT:inst253" CBX_FILE_NAME="lpm_constant_k84.tdf"/>
		<CBX_INST_ENTRY INSTANCE_NAME="|MainBlock|Cashe:inst|String:inst7|lpm_mux8:inst22|lpm_mux:lpm_mux_component" CBX_FILE_NAME="mux_3oc.tdf"/>
		<CBX_INST_ENTRY INSTANCE_NAME="|MainBlock|Cashe:inst|lpm_compare0:inst70|lpm_compare:lpm_compare_component" CBX_FILE_NAME="cmpr_dig.tdf"/>
		<CBX_INST_ENTRY INSTANCE_NAME="|MainBlock|Cashe:inst|LPM_CONSTANT:inst254" CBX_FILE_NAME="lpm_constant_l84.tdf"/>
		<CBX_INST_ENTRY INSTANCE_NAME="|MainBlock|Cashe:inst|LPM_CONSTANT:inst290" CBX_FILE_NAME="lpm_constant_p84.tdf"/>
		<CBX_INST_ENTRY INSTANCE_NAME="|MainBlock|Cashe:inst|String:inst8|lpm_mux8:inst22|lpm_mux:lpm_mux_component" CBX_FILE_NAME="mux_3oc.tdf"/>
		<CBX_INST_ENTRY INSTANCE_NAME="|MainBlock|Cashe:inst|String:inst9|lpm_mux8:inst22|lpm_mux:lpm_mux_component" CBX_FILE_NAME="mux_3oc.tdf"/>
		<CBX_INST_ENTRY INSTANCE_NAME="|MainBlock|Cashe:inst|lpm_add_sub0:inst170|lpm_add_sub:lpm_add_sub_component" CBX_FILE_NAME="add_sub_2ph.tdf"/>
		<CBX_INST_ENTRY INSTANCE_NAME="|MainBlock|Cashe:inst|lpm_dff23:inst14|lpm_ff:lpm_ff_component|LPM_CONSTANT:ac" CBX_FILE_NAME="lpm_constant_k84.tdf"/>
		<CBX_INST_ENTRY INSTANCE_NAME="|MainBlock|Cashe:inst|lpm_mux10:inst384|lpm_mux:lpm_mux_component" CBX_FILE_NAME="mux_4oc.tdf"/>
		<CBX_INST_ENTRY INSTANCE_NAME="|MainBlock|Cashe:inst|lpm_add_sub0:inst171|lpm_add_sub:lpm_add_sub_component" CBX_FILE_NAME="add_sub_2ph.tdf"/>
		<CBX_INST_ENTRY INSTANCE_NAME="|MainBlock|Cashe:inst|lpm_compare2:inst251|lpm_compare:lpm_compare_component" CBX_FILE_NAME="cmpr_rlg.tdf"/>
		<CBX_INST_ENTRY INSTANCE_NAME="|MainBlock|Cashe:inst|lpm_dff23:inst15|lpm_ff:lpm_ff_component|LPM_CONSTANT:ac" CBX_FILE_NAME="lpm_constant_k84.tdf"/>
		<CBX_INST_ENTRY INSTANCE_NAME="|MainBlock|Cashe:inst|lpm_dff23:inst33|lpm_ff:lpm_ff_component|LPM_CONSTANT:ac" CBX_FILE_NAME="lpm_constant_k84.tdf"/>
		<CBX_INST_ENTRY INSTANCE_NAME="|MainBlock|Cashe:inst|LPM_CONSTANT:inst149" CBX_FILE_NAME="lpm_constant_474.tdf"/>
		<CBX_INST_ENTRY INSTANCE_NAME="|MainBlock|Cashe:inst|LPM_CONSTANT:inst167" CBX_FILE_NAME="lpm_constant_j84.tdf"/>
		<CBX_INST_ENTRY INSTANCE_NAME="|MainBlock|Cashe:inst|lpm_add_sub0:inst172|lpm_add_sub:lpm_add_sub_component" CBX_FILE_NAME="add_sub_2ph.tdf"/>
		<CBX_INST_ENTRY INSTANCE_NAME="|MainBlock|Cashe:inst|lpm_compare0:inst38|lpm_compare:lpm_compare_component" CBX_FILE_NAME="cmpr_dig.tdf"/>
		<CBX_INST_ENTRY INSTANCE_NAME="|MainBlock|Cashe:inst|lpm_decode4:inst88|lpm_decode:lpm_decode_component" CBX_FILE_NAME="decode_ltf.tdf"/>
		<CBX_INST_ENTRY INSTANCE_NAME="|MainBlock|Cashe:inst|lpm_mux9:inst252|lpm_mux:lpm_mux_component" CBX_FILE_NAME="mux_unc.tdf"/>
		<CBX_INST_ENTRY INSTANCE_NAME="|MainBlock|Cashe:inst|lpm_mux9:inst270|lpm_mux:lpm_mux_component" CBX_FILE_NAME="mux_unc.tdf"/>
		<CBX_INST_ENTRY INSTANCE_NAME="|MainBlock|Cashe:inst|LPM_CONSTANT:inst294" CBX_FILE_NAME="lpm_constant_q84.tdf"/>
		<CBX_INST_ENTRY INSTANCE_NAME="|MainBlock|Cashe:inst|String:inst2|lpm_decode5:inst21|lpm_decode:lpm_decode_component" CBX_FILE_NAME="decode_0sf.tdf"/>
		<CBX_INST_ENTRY INSTANCE_NAME="|MainBlock|Cashe:inst|lpm_add_sub0:inst164|lpm_add_sub:lpm_add_sub_component" CBX_FILE_NAME="add_sub_2ph.tdf"/>
		<CBX_INST_ENTRY INSTANCE_NAME="|MainBlock|Cashe:inst|lpm_compare0:inst93|lpm_compare:lpm_compare_component" CBX_FILE_NAME="cmpr_dig.tdf"/>
		<CBX_INST_ENTRY INSTANCE_NAME="|MainBlock|Cashe:inst|lpm_dff23:inst26|lpm_ff:lpm_ff_component|LPM_CONSTANT:ac" CBX_FILE_NAME="lpm_constant_k84.tdf"/>
		<CBX_INST_ENTRY INSTANCE_NAME="|MainBlock|Cashe:inst|lpm_dff23:inst53|lpm_ff:lpm_ff_component|LPM_CONSTANT:ac" CBX_FILE_NAME="lpm_constant_k84.tdf"/>
		<CBX_INST_ENTRY INSTANCE_NAME="|MainBlock|Cashe:inst|lpm_mux5:inst68|lpm_mux:lpm_mux_component" CBX_FILE_NAME="mux_unc.tdf"/>
		<CBX_INST_ENTRY INSTANCE_NAME="|MainBlock|Cashe:inst|lpm_mux9:inst280|lpm_mux:lpm_mux_component" CBX_FILE_NAME="mux_unc.tdf"/>
		<CBX_INST_ENTRY INSTANCE_NAME="|MainBlock|Cashe:inst|LPM_CONSTANT:inst286" CBX_FILE_NAME="lpm_constant_o84.tdf"/>
		<CBX_INST_ENTRY INSTANCE_NAME="|MainBlock|Cashe:inst|String:inst12|lpm_decode5:inst21|lpm_decode:lpm_decode_component" CBX_FILE_NAME="decode_0sf.tdf"/>
		<CBX_INST_ENTRY INSTANCE_NAME="|MainBlock|Cashe:inst|String:inst3|lpm_decode5:inst21|lpm_decode:lpm_decode_component" CBX_FILE_NAME="decode_0sf.tdf"/>
		<CBX_INST_ENTRY INSTANCE_NAME="|MainBlock|Cashe:inst|lpm_add_sub0:inst165|lpm_add_sub:lpm_add_sub_component" CBX_FILE_NAME="add_sub_2ph.tdf"/>
		<CBX_INST_ENTRY INSTANCE_NAME="|MainBlock|Cashe:inst|lpm_compare0:inst85|lpm_compare:lpm_compare_component" CBX_FILE_NAME="cmpr_dig.tdf"/>
		<CBX_INST_ENTRY INSTANCE_NAME="|MainBlock|Cashe:inst|lpm_compare3:inst163|lpm_compare:lpm_compare_component" CBX_FILE_NAME="cmpr_nlg.tdf"/>
		<CBX_INST_ENTRY INSTANCE_NAME="|MainBlock|Cashe:inst|lpm_constant1:inst120|LPM_CONSTANT:lpm_constant_component" CBX_FILE_NAME="lpm_constant_6e6.tdf"/>
		<CBX_INST_ENTRY INSTANCE_NAME="|MainBlock|Cashe:inst|lpm_dff23:inst36|lpm_ff:lpm_ff_component|LPM_CONSTANT:ac" CBX_FILE_NAME="lpm_constant_k84.tdf"/>
		<CBX_INST_ENTRY INSTANCE_NAME="|MainBlock|Cashe:inst|lpm_mux9:inst272|lpm_mux:lpm_mux_component" CBX_FILE_NAME="mux_unc.tdf"/>
		<CBX_INST_ENTRY INSTANCE_NAME="|MainBlock|Cashe:inst|lpm_mux9:inst281|lpm_mux:lpm_mux_component" CBX_FILE_NAME="mux_unc.tdf"/>
		<CBX_INST_ENTRY INSTANCE_NAME="|MainBlock|Cashe:inst|LPM_CONSTANT:inst278" CBX_FILE_NAME="lpm_constant_m84.tdf"/>
		<CBX_INST_ENTRY INSTANCE_NAME="|MainBlock|Cashe:inst|String:inst13|lpm_decode5:inst21|lpm_decode:lpm_decode_component" CBX_FILE_NAME="decode_0sf.tdf"/>
		<CBX_INST_ENTRY INSTANCE_NAME="|MainBlock|Cashe:inst|lpm_add_sub0:inst166|lpm_add_sub:lpm_add_sub_component" CBX_FILE_NAME="add_sub_2ph.tdf"/>
		<CBX_INST_ENTRY INSTANCE_NAME="|MainBlock|Cashe:inst|lpm_compare0:inst59|lpm_compare:lpm_compare_component" CBX_FILE_NAME="cmpr_dig.tdf"/>
		<CBX_INST_ENTRY INSTANCE_NAME="|MainBlock|Cashe:inst|lpm_compare2:inst291|lpm_compare:lpm_compare_component" CBX_FILE_NAME="cmpr_rlg.tdf"/>
		<CBX_INST_ENTRY INSTANCE_NAME="|MainBlock|Cashe:inst|lpm_dff23:inst37|lpm_ff:lpm_ff_component|LPM_CONSTANT:ac" CBX_FILE_NAME="lpm_constant_k84.tdf"/>
		<CBX_INST_ENTRY INSTANCE_NAME="|MainBlock|Cashe:inst|lpm_mux6:inst78|lpm_mux:lpm_mux_component" CBX_FILE_NAME="mux_onc.tdf"/>
		<CBX_INST_ENTRY INSTANCE_NAME="|MainBlock|Cashe:inst|lpm_compare2:inst283|lpm_compare:lpm_compare_component" CBX_FILE_NAME="cmpr_rlg.tdf"/>
		<CBX_INST_ENTRY INSTANCE_NAME="|MainBlock|Cashe:inst|lpm_decode4:inst121|lpm_decode:lpm_decode_component" CBX_FILE_NAME="decode_ltf.tdf"/>
		<CBX_INST_ENTRY INSTANCE_NAME="|MainBlock|Cashe:inst|String:inst6|lpm_decode5:inst21|lpm_decode:lpm_decode_component" CBX_FILE_NAME="decode_0sf.tdf"/>
		<CBX_INST_ENTRY INSTANCE_NAME="|MainBlock|Cashe:inst|lpm_add_sub0:inst168|lpm_add_sub:lpm_add_sub_component" CBX_FILE_NAME="add_sub_2ph.tdf"/>
		<CBX_INST_ENTRY INSTANCE_NAME="|MainBlock|Cashe:inst|lpm_compare0:inst97|lpm_compare:lpm_compare_component" CBX_FILE_NAME="cmpr_dig.tdf"/>
		<CBX_INST_ENTRY INSTANCE_NAME="|MainBlock|Cashe:inst|lpm_compare2:inst275|lpm_compare:lpm_compare_component" CBX_FILE_NAME="cmpr_rlg.tdf"/>
		<CBX_INST_ENTRY INSTANCE_NAME="|MainBlock|Cashe:inst|lpm_mux9:inst284|lpm_mux:lpm_mux_component" CBX_FILE_NAME="mux_unc.tdf"/>
		<CBX_INST_ENTRY INSTANCE_NAME="|MainBlock|Cashe:inst|lpm_mux9:inst293|lpm_mux:lpm_mux_component" CBX_FILE_NAME="mux_unc.tdf"/>
		<CBX_INST_ENTRY INSTANCE_NAME="|MainBlock|Cashe:inst|String:inst7|lpm_decode5:inst21|lpm_decode:lpm_decode_component" CBX_FILE_NAME="decode_0sf.tdf"/>
		<CBX_INST_ENTRY INSTANCE_NAME="|MainBlock|Cashe:inst|lpm_add_sub0:inst169|lpm_add_sub:lpm_add_sub_component" CBX_FILE_NAME="add_sub_2ph.tdf"/>
		<CBX_INST_ENTRY INSTANCE_NAME="|MainBlock|Cashe:inst|lpm_compare0:inst89|lpm_compare:lpm_compare_component" CBX_FILE_NAME="cmpr_dig.tdf"/>
		<CBX_INST_ENTRY INSTANCE_NAME="|MainBlock|Cashe:inst|lpm_constant0:inst80|LPM_CONSTANT:lpm_constant_component" CBX_FILE_NAME="lpm_constant_5e6.tdf"/>
		<CBX_INST_ENTRY INSTANCE_NAME="|MainBlock|Cashe:inst|lpm_mux3:inst23|lpm_mux:lpm_mux_component" CBX_FILE_NAME="mux_vnc.tdf"/>
		<CBX_INST_ENTRY INSTANCE_NAME="|MainBlock|Cashe:inst|lpm_mux9:inst276|lpm_mux:lpm_mux_component" CBX_FILE_NAME="mux_unc.tdf"/>
		<CBX_INST_ENTRY INSTANCE_NAME="|MainBlock|Cashe:inst|lpm_mux9:inst285|lpm_mux:lpm_mux_component" CBX_FILE_NAME="mux_unc.tdf"/>
		<CBX_INST_ENTRY INSTANCE_NAME="|MainBlock|Cashe:inst|String:inst2|lpm_mux8:inst22|lpm_mux:lpm_mux_component" CBX_FILE_NAME="mux_3oc.tdf"/>
		<CBX_INST_ENTRY INSTANCE_NAME="|MainBlock|Cashe:inst|String:inst8|lpm_decode5:inst21|lpm_decode:lpm_decode_component" CBX_FILE_NAME="decode_0sf.tdf"/>
		<CBX_INST_ENTRY INSTANCE_NAME="|MainBlock|Cashe:inst|lpm_counter2:inst41|lpm_counter:lpm_counter_component" CBX_FILE_NAME="cntr_joi.tdf"/>
		<CBX_INST_ENTRY INSTANCE_NAME="|MainBlock|Cashe:inst|lpm_decode3:inst44|lpm_decode:lpm_decode_component" CBX_FILE_NAME="decode_ltf.tdf"/>
		<CBX_INST_ENTRY INSTANCE_NAME="|MainBlock|Cashe:inst|lpm_decode4:inst43|lpm_decode:lpm_decode_component" CBX_FILE_NAME="decode_ltf.tdf"/>
		<CBX_INST_ENTRY INSTANCE_NAME="|MainBlock|Cashe:inst|lpm_mux9:inst268|lpm_mux:lpm_mux_component" CBX_FILE_NAME="mux_unc.tdf"/>
		<CBX_INST_ENTRY INSTANCE_NAME="|MainBlock|Cashe:inst|lpm_mux9:inst277|lpm_mux:lpm_mux_component" CBX_FILE_NAME="mux_unc.tdf"/>
		<CBX_INST_ENTRY INSTANCE_NAME="|MainBlock|Cashe:inst|String:inst12|lpm_mux8:inst22|lpm_mux:lpm_mux_component" CBX_FILE_NAME="mux_3oc.tdf"/>
		<CBX_INST_ENTRY INSTANCE_NAME="|MainBlock|Cashe:inst|String:inst9|lpm_decode5:inst21|lpm_decode:lpm_decode_component" CBX_FILE_NAME="decode_0sf.tdf"/>
		<CBX_INST_ENTRY INSTANCE_NAME="|MainBlock|Cashe:inst|String:inst13|lpm_mux8:inst22|lpm_mux:lpm_mux_component" CBX_FILE_NAME="mux_3oc.tdf"/>
		<CBX_INST_ENTRY INSTANCE_NAME="|MainBlock|Cashe:inst|lpm_compare2:inst279|lpm_compare:lpm_compare_component" CBX_FILE_NAME="cmpr_rlg.tdf"/>
		<CBX_INST_ENTRY INSTANCE_NAME="|MainBlock|Cashe:inst|lpm_decode4:inst45|lpm_decode:lpm_decode_component" CBX_FILE_NAME="decode_ltf.tdf"/>
		<CBX_INST_ENTRY INSTANCE_NAME="|MainBlock|Cashe:inst|lpm_mux9:inst288|lpm_mux:lpm_mux_component" CBX_FILE_NAME="mux_unc.tdf"/>
		<CBX_INST_ENTRY INSTANCE_NAME="|MainBlock|Cashe:inst|lpm_mux3:inst18|lpm_mux:lpm_mux_component" CBX_FILE_NAME="mux_vnc.tdf"/>
		<CBX_INST_ENTRY INSTANCE_NAME="|MainBlock|Cashe:inst|lpm_mux9:inst289|lpm_mux:lpm_mux_component" CBX_FILE_NAME="mux_unc.tdf"/>
		<CBX_INST_ENTRY INSTANCE_NAME="|MainBlock|Cashe:inst|LPM_CONSTANT:inst144" CBX_FILE_NAME="lpm_constant_v64.tdf"/>
		<CBX_INST_ENTRY INSTANCE_NAME="|MainBlock|Cashe:inst|LPM_CONSTANT:inst145" CBX_FILE_NAME="lpm_constant_074.tdf"/>
		<CBX_INST_ENTRY INSTANCE_NAME="|MainBlock|Cashe:inst|LPM_CONSTANT:inst146" CBX_FILE_NAME="lpm_constant_174.tdf"/>
		<CBX_INST_ENTRY INSTANCE_NAME="|MainBlock|Cashe:inst|LPM_CONSTANT:inst147" CBX_FILE_NAME="lpm_constant_274.tdf"/>
		<CBX_INST_ENTRY INSTANCE_NAME="|MainBlock|Cashe:inst|LPM_CONSTANT:inst282" CBX_FILE_NAME="lpm_constant_n84.tdf"/>
		<CBX_INST_ENTRY INSTANCE_NAME="|MainBlock|Cashe:inst|lpm_mux5:inst74|lpm_mux:lpm_mux_component" CBX_FILE_NAME="mux_unc.tdf"/>
		<CBX_INST_ENTRY INSTANCE_NAME="|MainBlock|Cashe:inst|LPM_CONSTANT:inst148" CBX_FILE_NAME="lpm_constant_374.tdf"/>
		<CBX_INST_ENTRY INSTANCE_NAME="|MainBlock|Cashe:inst|lpm_compare0:inst82|lpm_compare:lpm_compare_component" CBX_FILE_NAME="cmpr_dig.tdf"/>
		<CBX_INST_ENTRY INSTANCE_NAME="|MainBlock|Cashe:inst|lpm_mux6:inst119|lpm_mux:lpm_mux_component" CBX_FILE_NAME="mux_onc.tdf"/>
	</PROJECT>
</LOG_ROOT>
