<?xml version="1.0" ?>
<LOG_ROOT>
	<PROJECT NAME="lab4">
		<CBX_INST_ENTRY INSTANCE_NAME="|main|alu:inst2|lpm_clshift0:inst13|lpm_clshift:lpm_clshift_component" CBX_FILE_NAME="lpm_clshift_jib.tdf"/>
		<CBX_INST_ENTRY INSTANCE_NAME="|main|alu:inst2|lpm_mux2:inst21|lpm_mux:lpm_mux_component" CBX_FILE_NAME="mux_9pc.tdf"/>
		<CBX_INST_ENTRY INSTANCE_NAME="|main|ram:inst8|LPM_RAM_IO:inst|altram:sram|altsyncram:ram_block" CBX_FILE_NAME="altsyncram_vh91.tdf"/>
		<CBX_INST_ENTRY INSTANCE_NAME="|main|ControlBlock:inst|lpm_add_sub0:inst3|lpm_add_sub:lpm_add_sub_component" CBX_FILE_NAME="add_sub_bqh.tdf"/>
		<CBX_INST_ENTRY INSTANCE_NAME="|main|ControlBlock:inst|lpm_compare0:inst35|lpm_compare:lpm_compare_component" CBX_FILE_NAME="cmpr_5pi.tdf"/>
		<CBX_INST_ENTRY INSTANCE_NAME="|main|ControlBlock:inst|lpm_compare3:inst9|lpm_compare:lpm_compare_component" CBX_FILE_NAME="cmpr_1aj.tdf"/>
		<CBX_INST_ENTRY INSTANCE_NAME="|main|ControlBlock:inst|lpm_counter0:inst1|lpm_counter:lpm_counter_component" CBX_FILE_NAME="cntr_plh.tdf"/>
		<CBX_INST_ENTRY INSTANCE_NAME="|main|ControlBlock:inst|lpm_decode2:inst38|lpm_decode:lpm_decode_component" CBX_FILE_NAME="decode_5sf.tdf"/>
		<CBX_INST_ENTRY INSTANCE_NAME="|main|alu:inst2|lpm_compare2:inst33|lpm_compare:lpm_compare_component" CBX_FILE_NAME="cmpr_8aj.tdf"/>
		<CBX_INST_ENTRY INSTANCE_NAME="|main|alu:inst2|lpm_constant1:inst19|lpm_constant:lpm_constant_component" CBX_FILE_NAME="lpm_constant_sf6.tdf"/>
		<CBX_INST_ENTRY INSTANCE_NAME="|main|rom:inst1|lpm_rom0:inst|altsyncram:altsyncram_component" CBX_FILE_NAME="altsyncram_2m71.tdf"/>
		<CBX_INST_ENTRY INSTANCE_NAME="|main|ControlBlock:inst|lpm_decode0:inst2|lpm_decode:lpm_decode_component" CBX_FILE_NAME="decode_u7f.tdf"/>
		<CBX_INST_ENTRY INSTANCE_NAME="|main|ControlBlock:inst|lpm_mux0:inst4|lpm_mux:lpm_mux_component" CBX_FILE_NAME="mux_7pc.tdf"/>
		<CBX_INST_ENTRY INSTANCE_NAME="|main|alu:inst2|lpm_add_sub1:inst34|lpm_add_sub:lpm_add_sub_component" CBX_FILE_NAME="add_sub_dqh.tdf"/>
		<CBX_INST_ENTRY INSTANCE_NAME="|main|alu:inst2|lpm_constant2:inst20|lpm_constant:lpm_constant_component" CBX_FILE_NAME="lpm_constant_li6.tdf"/>
		<CBX_INST_ENTRY INSTANCE_NAME="|main|alu:inst2|lpm_mux1:inst12|lpm_mux:lpm_mux_component" CBX_FILE_NAME="mux_qnc.tdf"/>
		<CBX_INST_ENTRY INSTANCE_NAME="|main|ron:inst5|lpm_decode1:inst5|lpm_decode:lpm_decode_component" CBX_FILE_NAME="decode_p7f.tdf"/>
		<CBX_INST_ENTRY INSTANCE_NAME="|main|alu:inst2|lpm_constant0:inst18|lpm_constant:lpm_constant_component" CBX_FILE_NAME="lpm_constant_nn6.tdf"/>
	</PROJECT>
</LOG_ROOT>
